<?xml version="1.0" ?>
<Training_Data>
    <training_sets>4</training_sets>
    <training_set1>
        <training_set1Input_Neuron1>0.</training_set1Input_Neuron1>
        <training_set1Input_Neuron2>0.</training_set1Input_Neuron2>
        <training_set1Output_Neuron1>0.</training_set1Output_Neuron1>
    </training_set1>
    <training_set2>
        <training_set2Input_Neuron1>0.</training_set2Input_Neuron1>
        <training_set2Input_Neuron2>1.</training_set2Input_Neuron2>
        <training_set2Output_Neuron1>1.</training_set2Output_Neuron1>
    </training_set2>
    <training_set3>
        <training_set3Input_Neuron1>1.</training_set3Input_Neuron1>
        <training_set3Input_Neuron2>0.</training_set3Input_Neuron2>
        <training_set3Output_Neuron1>1.</training_set3Output_Neuron1>
    </training_set3>
    <training_set4>
        <training_set4Input_Neuron1>1.</training_set4Input_Neuron1>
        <training_set4Input_Neuron2>1.</training_set4Input_Neuron2>
        <training_set4Output_Neuron1>0.</training_set4Output_Neuron1>
    </training_set4>
</Training_Data>
