<?xml version="1.0" ?>
<Root>
    <input_neurons>2</input_neurons>
    <hidden_layers>1</hidden_layers>
    <hidden_layer1>2</hidden_layer1>
    <output_neurons>1</output_neurons>
    <learning_rate>0.9</learning_rate>
    <Layers>
        <Layer1>
            <Layer1_Neuron1>
                <Layer1_Neuron1_Bias1>1.</Layer1_Neuron1_Bias1>
                <Layer1_Neuron1_BiasWeight1>-0.9918000102</Layer1_Neuron1_BiasWeight1>
                <Layer1_Neuron1_InLinks></Layer1_Neuron1_InLinks>
                <Layer1_Neuron1_OutLinks>
                    <Layer1_Neuron1_OutLinks_OutLink1>-5.912559986</Layer1_Neuron1_OutLinks_OutLink1>
                    <Layer1_Neuron1_OutLinks_OutLink2>-6.725411415</Layer1_Neuron1_OutLinks_OutLink2>
                </Layer1_Neuron1_OutLinks>
            </Layer1_Neuron1>
            <Layer1_Neuron2>
                <Layer1_Neuron2_Bias2>1.</Layer1_Neuron2_Bias2>
                <Layer1_Neuron2_BiasWeight2>0.6934000254</Layer1_Neuron2_BiasWeight2>
                <Layer1_Neuron2_InLinks></Layer1_Neuron2_InLinks>
                <Layer1_Neuron2_OutLinks>
                    <Layer1_Neuron2_OutLinks_OutLink1>6.058754444</Layer1_Neuron2_OutLinks_OutLink1>
                    <Layer1_Neuron2_OutLinks_OutLink2>6.713133335</Layer1_Neuron2_OutLinks_OutLink2>
                </Layer1_Neuron2_OutLinks>
            </Layer1_Neuron2>
        </Layer1>
        <Layer2>
            <Layer2_Neuron1>
                <Layer2_Neuron1_Bias1>1.</Layer2_Neuron1_Bias1>
                <Layer2_Neuron1_BiasWeight1>3.122434139</Layer2_Neuron1_BiasWeight1>
                <Layer2_Neuron1_InLinks>
                    <Layer2_Neuron1_InLinks_Link1>-5.912559986</Layer2_Neuron1_InLinks_Link1>
                    <Layer2_Neuron1_InLinks_Link2>6.058754444</Layer2_Neuron1_InLinks_Link2>
                </Layer2_Neuron1_InLinks>
                <Layer2_Neuron1_OutLinks>
                    <Layer2_Neuron1_OutLinks_OutLink1>-9.987781525</Layer2_Neuron1_OutLinks_OutLink1>
                </Layer2_Neuron1_OutLinks>
            </Layer2_Neuron1>
            <Layer2_Neuron2>
                <Layer2_Neuron2_Bias2>1.</Layer2_Neuron2_Bias2>
                <Layer2_Neuron2_BiasWeight2>-3.682290077</Layer2_Neuron2_BiasWeight2>
                <Layer2_Neuron2_InLinks>
                    <Layer2_Neuron2_InLinks_Link1>-6.725411415</Layer2_Neuron2_InLinks_Link1>
                    <Layer2_Neuron2_InLinks_Link2>6.713133335</Layer2_Neuron2_InLinks_Link2>
                </Layer2_Neuron2_InLinks>
                <Layer2_Neuron2_OutLinks>
                    <Layer2_Neuron2_OutLinks_OutLink1>9.985476494</Layer2_Neuron2_OutLinks_OutLink1>
                </Layer2_Neuron2_OutLinks>
            </Layer2_Neuron2>
        </Layer2>
        <Layer3>
            <Layer3_Neuron1>
                <Layer3_Neuron1_Bias1>1.</Layer3_Neuron1_Bias1>
                <Layer3_Neuron1_BiasWeight1>4.910041332</Layer3_Neuron1_BiasWeight1>
                <Layer3_Neuron1_InLinks>
                    <Layer3_Neuron1_InLinks_Link1>-9.987781525</Layer3_Neuron1_InLinks_Link1>
                    <Layer3_Neuron1_InLinks_Link2>9.985476494</Layer3_Neuron1_InLinks_Link2>
                </Layer3_Neuron1_InLinks>
                <Layer3_Neuron1_OutLinks></Layer3_Neuron1_OutLinks>
            </Layer3_Neuron1>
        </Layer3>
    </Layers>
</Root>
